<?xml version="1.0" encoding="UTF-8"?>
<project-private xmlns="http://www.netbeans.org/ns/project-private/1">
    <editor-bookmarks xmlns="http://www.netbeans.org/ns/editor-bookmarks/2" lastBookmarkId="0"/>
    <open-files xmlns="http://www.netbeans.org/ns/projectui-open-files/2">
        <group>
            <file>file:/D:/Documents/student/Desktop/TSN_JAVA_POI_XLS-master/src/tsn_java_poi_xls/receipt.png</file>
            <file>file:/D:/Documents/student/Desktop/TSN_JAVA_POI_XLS-master/src/tsn_java_poi_xls/ExcelChanges.java</file>
            <file>file:/D:/Documents/student/Desktop/TSN_JAVA_POI_XLS-master/src/tsn_java_poi_xls/ReceiptExcel.java</file>
        </group>
    </open-files>
</project-private>
